{
  "operatingSystems": [
    {
      "name": "اپل",
      "engName": "iOS",
      "osLogo": "https://raw.githubusercontent.com/MatinDehghanian/public-assets/refs/heads/main/icons/Apple_logo_black.svg",
      "apps": [
        {
          "name": "Streisand",
          "price": "0",
          "logo": "https://raw.githubusercontent.com/MatinDehghanian/public-assets/refs/heads/main/icons/streisand.jpg",
          "description": "Streisand sets up a new server running a wide variety of anti-censorship software.",
          "faDescription": "استرایزند یک سرور جدید با نرم‌افزارهای متنوع ضد سانسور راه‌اندازی می‌کند.",
          "configLink": "streisand://import/{url}",
          "downloadLink": "https://apps.apple.com/us/app/streisand/id6450534064",
          "videoLink": "https://example.com/streisand-video"
        },
        {
          "name": "Shadowrocket",
          "price": "2.99",
          "logo": "https://raw.githubusercontent.com/MatinDehghanian/public-assets/refs/heads/main/icons/shadowrocket.png",
          "description": "A rule-based proxy utility client for iOS.",
          "faDescription": "Shadowrocket یک ابزار پروکسی قانون‌محور برای iOS است.",
          "configLink": "https://example.com/shadowrocket-config",
          "downloadLink": "https://apps.apple.com/us/app/shadowrocket/id932747118",
          "videoLink": "https://example.com/shadowrocket-video"
        },
        {
          "name": "V2box",
          "price": "0",
          "logo": "https://raw.githubusercontent.com/MatinDehghanian/public-assets/refs/heads/main/icons/v2box.png",
          "description": "A cross-platform V2Ray client.",
          "faDescription": "V2Box یک کلاینت V2Ray چندسکویی است.",
          "configLink": "v2box://install-sub?url={url}&name=SUBnew",
          "downloadLink": "https://apps.apple.com/us/app/v2box-v2ray-client/id6446814690",
          "videoLink": "https://example.com/v2box-video"
        }
      ]
    },
    {
      "name": "اندروید",
      "engName": "Android",
      "osLogo": "https://raw.githubusercontent.com/MatinDehghanian/public-assets/refs/heads/main/icons/Android_logo_2019.svg.png",
      "apps": [
        {
          "name": "V2rayNG",
          "price": "0",
          "logo": "https://raw.githubusercontent.com/MatinDehghanian/public-assets/refs/heads/main/icons/v2rayNG.png",
          "description": "A V2Ray client for Android devices.",
          "faDescription": "V2rayNG یک کلاینت V2Ray برای دستگاه‌های اندرویدی است.",
          "configLink": "v2rayng://install-config",
          "downloadLink": "https://github.com/2dust/v2rayNG/releases/download/1.8.39/v2rayNG_1.8.39_universal.apk",
          "videoLink": "https://example.com/v2rayng-video"
        },
        {
          "name": "V2box",
          "price": "0",
          "logo": "https://raw.githubusercontent.com/MatinDehghanian/public-assets/refs/heads/main/icons/v2box.png",
          "description": "A cross-platform V2Ray client.",
          "faDescription": "V2Box یک کلاینت V2Ray چندسکویی است.",
          "configLink": "v2box://install-sub?url={url}&name=SUBnew",
          "downloadLink": "https://play.google.com/store/apps/details?id=dev.hexasoftware.v2box&hl=en_GB",
          "videoLink": "https://example.com/v2box-video"
        }
      ]
    },
    {
      "name": "ویندوز",
      "engName": "Windows",
      "osLogo": "https://raw.githubusercontent.com/MatinDehghanian/public-assets/refs/heads/main/icons/Windows_logo_2021.svg.png",
      "apps": [
        {
          "name": "V2rayN",
          "price": "0",
          "logo": "https://raw.githubusercontent.com/MatinDehghanian/public-assets/refs/heads/main/icons/icons/v2rayN.png",
          "description": "A Windows V2Ray client with GUI support.",
          "faDescription": "v2rayN یک کلاینت V2Ray برای ویندوز با پشتیبانی از رابط کاربری است.",
          "configLink": "v2rayng://install-config",
          "downloadLink": "https://github.com/2dust/v2rayN/releases/download/6.55/v2rayN-With-Core.zip",
          "videoLink": "https://example.com/v2rayn-video"
        }
      ]
    },
    {
      "name": "لینوکس",
      "engName": "Linux",
      "osLogo": "https://raw.githubusercontent.com/MatinDehghanian/public-assets/refs/heads/main/icons/Tux.png",
      "apps": [
        {
          "name": "Nekoray",
          "price": "0",
          "logo": "https://raw.githubusercontent.com/MatinDehghanian/public-assets/refs/heads/main/icons/icons/nekoray.jpeg",
          "description": "A cross-platform GUI client for V2Ray.",
          "faDescription": "NekoRay یک کلاینت GUI چندسکویی برای V2Ray است.",
          "configLink": "https://example.com/nekoray-config",
          "downloadLink": "https://github.com/MatsuriDayo/nekoray/releases/download/3.26/nekoray-3.26-2023-12-09-linux64.zip",
          "videoLink": "https://example.com/nekoray-video"
        },
        {
          "name": "SingBox",
          "price": "0",
          "logo": "https://raw.githubusercontent.com/MatinDehghanian/public-assets/refs/heads/main/icons/icons/singbox.png",
          "description": "A client that provides a platform for routing traffic securely.",
          "faDescription": "Sing-box یک کلاینت برای مسیریابی امن ترافیک فراهم می‌کند.",
          "configLink": "sing-box://import-remote-profile?url={url}#MattSub",
          "downloadLink": "https://github.com/SagerNet/sing-box/releases/download/v1.9.6/sing-box_1.9.6_linux_386.deb",
          "videoLink": "https://example.com/sing-box-video"
        }
      ]
    }
  ]
}
